run,type,module,name,attrname,attrvalue,vectime,vecvalue
General-0-20240601-22:00:59-3968,runattr,,,configname,General,,
General-0-20240601-22:00:59-3968,runattr,,,datetime,20240601-22:00:59,,
General-0-20240601-22:00:59-3968,runattr,,,datetimef,20240601-220059,,
General-0-20240601-22:00:59-3968,runattr,,,experiment,General,,
General-0-20240601-22:00:59-3968,runattr,,,inifile,omnetpp.ini,,
General-0-20240601-22:00:59-3968,runattr,,,iterationvars,,,
General-0-20240601-22:00:59-3968,runattr,,,iterationvarsd,,,
General-0-20240601-22:00:59-3968,runattr,,,iterationvarsf,,,
General-0-20240601-22:00:59-3968,runattr,,,measurement,,,
General-0-20240601-22:00:59-3968,runattr,,,network,Network,,
General-0-20240601-22:00:59-3968,runattr,,,processid,3968,,
General-0-20240601-22:00:59-3968,runattr,,,repetition,0,,
General-0-20240601-22:00:59-3968,runattr,,,replication,#0,,
General-0-20240601-22:00:59-3968,runattr,,,resultdir,results,,
General-0-20240601-22:00:59-3968,runattr,,,runnumber,0,,
General-0-20240601-22:00:59-3968,runattr,,,seedset,0,,
General-0-20240601-22:00:59-3968,config,,,network,Network,,
General-0-20240601-22:00:59-3968,config,,,sim-time-limit,200s,,
General-0-20240601-22:00:59-3968,config,,,"Network.node[{0, 2}].app.interArrivalTime",exponential(1),,
General-0-20240601-22:00:59-3968,config,,,"Network.node[{0, 2}].app.packetByteSize",125000,,
General-0-20240601-22:00:59-3968,config,,,"Network.node[{0, 2}].app.destination",5,,
General-0-20240601-22:00:59-3968,vector,Network.node[0].lnk[0],Buffer Size,,,"0 0 0.00026 0.00026 0.00052 0.00052 0.00078 0.00078 0.00104 0.00104 0.0013 0.0013 0.00156 0.00156 0.00182 0.00182 0.898560388484 0.898560388484 1.821783519955 1.898560388484 3.773328855839 3.773328855839 4.324377342509 4.773328855839 5.301383768902 5.773328855839 5.786511932624 6.139671071762 6.198055740855 6.773328855839 7.773328855839 8.773328855839 9.512968020783 9.773328855839 11.081864138406 11.081864138406 11.834538251719 12.081864138406 12.673971104619 13.081864138406 14.482340368894 14.482340368894 14.556025724359 14.967603720602 15.058764746726 15.482340368894 16.103377255034 16.482340368894 17.482340368894 18.482340368894 19.25354718371 19.482340368894 21.294439399622 21.294439399622 21.9361485723 22.294439399622 23.541388129362 23.541388129362 25.155390204255 25.155390204255 25.890354625445 26.155390204255 27.026293567155 27.152167976593 27.155390204255 28.155390204255 28.427395678817 28.582125359317 29.155390204255 29.352960017784 30.155390204255 30.774324697878 31.155390204255 31.512151989634 31.624098150267 32.155390204255 32.159663870495 32.466944222648 32.673147504678 33.155390204255 34.008437689302 34.155390204255 34.617520112485 34.762798139777 34.781766708978 35.155390204255 35.173537519655 36.134918458721 36.155390204255 36.386360390796 36.874917440104 37.155390204255 38.155390204255 39.155390204255 39.752832461382 40.155390204255 40.3505785382 40.796097033251 41.155390204255 41.370629439992 42.155390204255 43.155390204255 43.696980501686 44.155390204255 44.795892969237 45.155390204255 45.854727100725 46.155390204255 46.965324546412 47.10335323484 47.155390204255 48.155390204255 48.492395924631 48.944497984856 49.155390204255 49.788925778384 50.155390204255 51.155390204255 52.155390204255 53.155390204255 54.155390204255 54.24342262456 54.477724143336 55.155390204255 55.485743388756 56.155390204255 56.54448610385 57.155390204255 57.416401957476 57.708482490743 58.155390204255 58.243547167826 58.871488748817 59.155390204255 59.51526975042 59.795546758899 60.155390204255 60.77241083297 61.155390204255 61.184912062892 62.155390204255 62.252984260042 62.401696529294 63.155390204255 63.908331862567 64.155390204255 64.368345820307 65.155390204255 65.454615201185 66.155390204255 67.155390204255 67.174946858902 68.155390204255 68.294761224656 68.395795999965 69.155390204255 70.155390204255 71.155390204255 71.969384372309 72.155390204255 73.155390204255 74.074705673101 74.132032599525 74.155390204255 75.060511096426 75.155390204255 75.660457983067 76.155390204255 77.004703255219 77.024893383365 77.064869682423 77.155390204255 77.64774807129 78.155390204255 79.155390204255 80.155390204255 81.155390204255 81.539318194135 82.074202569892 82.155390204255 83.155390204255 84.155390204255 84.578114352977 85.155390204255 85.410957869043 86.155390204255 87.155390204255 87.41419839155 87.512848699968 88.155390204255 89.155390204255 90.053153207927 90.139923690267 90.155390204255 91.155390204255 92.155390204255 92.789179618943 92.930510332504 93.155390204255 93.972290986683 94.155390204255 95.155390204255 95.232224796792 95.573878963818 95.88139668758 96.083747126147 96.155390204255 96.966876168106 96.987188626902 97.155390204255 97.167440878887 98.155390204255 98.9331819513 99.155390204255 99.776264983448 100.155390204255 101.105022857198 101.155390204255 101.672927010678 101.958947983186 102.155390204255 103.155390204255 103.36997239248 104.155390204255 104.228365360309 104.732709166897 105.155390204255 106.155390204255 106.996442742758 107.155390204255 107.248862735649 108.155390204255 109.155390204255 110.155390204255 110.301144392533 110.893768419985 111.155390204255 112.155390204255 112.767228299842 113.155390204255 113.969466867089 114.092993514451 114.155390204255 114.446013647725 115.155390204255 115.902832206289 116.155390204255 116.433554702906 116.938573450661 117.155390204255 118.155390204255 119.068072846729 119.155390204255 120.155390204255 121.155390204255 121.202903296712 122.155390204255 122.382286230357 123.155390204255 123.270147640794 124.155390204255 124.34798252493 125.109850296226 125.155390204255 125.371907537901 126.155390204255 126.404704548546 126.907015346807 127.155390204255 127.458411336941 128.155390204255 128.422864902435 129.066969610758 129.155390204255 129.425896826628 130.155390204255 130.505217025284 130.847816649982 131.155390204255 131.810191705753 132.155390204255 132.370152775827 133.155390204255 134.155390204255 134.477600380777 135.155390204255 135.371329459083 136.155390204255 136.225409194726 137.155390204255 138.155390204255 139.155390204255 139.697944674008 139.850238299262 140.155390204255 140.30841118322 140.410731798073 140.983193349501 141.155390204255 142.155390204255 143.155390204255 144.155390204255 145.121003110011 145.155390204255 145.891079969557 146.155390204255 146.485153467881 146.59076611151 147.155390204255 148.155390204255 149.110048241593 149.155390204255 150.155390204255 150.94978102667 151.111651113382 151.155390204255 152.155390204255 153.155390204255 153.461828403133 154.155390204255 155.155390204255 155.487737220236 155.526020133121 155.703345708266 156.155390204255 156.659312132188 157.155390204255 158.155390204255 158.169135587797 159.155390204255 160.155390204255 160.171122083323 160.70112496146 160.851915971654 161.155390204255 161.374786001742 162.155390204255 162.570224568024 163.037497134434 163.155390204255 163.641796206282 164.155390204255 164.186653334427 165.155390204255 165.466987538239 165.921899383031 166.155390204255 167.155390204255 168.155390204255 169.155390204255 169.631859974935 170.078112795454 170.155390204255 171.155390204255 172.155390204255 172.962724547556 173.151019522775 173.155390204255 173.565632065434 174.155390204255 174.301763165421 174.35763321831 174.580772426411 174.77860193387 175.155390204255 176.155390204255 176.357014655976 176.780671757333 177.155390204255 178.155390204255 179.155390204255 179.66521604574 180.155390204255 180.602354763463 181.155390204255 181.510318790788 181.542675595433 182.155390204255 183.0735068217 183.125189727495 183.155390204255 183.986113364176 184.155390204255 184.257781434518 185.155390204255 186.155390204255 187.155390204255 188.155390204255 189.136914322512 189.155390204255 189.903993977084 190.155390204255 191.155390204255 191.901165944574 192.155390204255 193.155390204255 193.210951315936 193.584837811839 194.155390204255 194.392817865238 194.900682987925 195.139435860773 195.155390204255 195.374960434192 195.626559047305 195.873418316104 196.155390204255 196.716397091518 197.155390204255 198.061744524752 198.155390204255 198.663423511276 199.155390204255","1 0 1 0 1 0 1 0 1 0 1 0 1 0 1 0 1 0 1 0 1 0 1 0 1 0 1 2 3 2 1 0 1 0 1 0 1 0 1 0 1 0 1 2 3 2 3 2 1 0 1 0 1 0 1 0 1 0 1 0 1 0 1 2 1 0 1 2 1 2 1 2 1 2 3 2 3 4 5 4 5 4 5 6 7 6 7 8 7 8 9 8 7 6 7 6 7 8 7 8 7 6 7 6 7 6 7 6 7 8 7 6 7 8 7 8 7 6 5 4 3 4 5 4 5 4 5 4 5 6 5 6 7 6 7 8 7 8 7 8 7 8 9 8 9 8 9 8 9 8 7 8 7 8 9 8 7 6 7 6 5 6 7 6 7 6 7 6 7 8 9 8 9 8 7 6 5 6 7 6 5 4 5 4 5 4 3 4 5 4 3 4 5 4 3 2 3 4 3 4 3 2 3 4 5 6 5 6 7 6 7 6 7 6 7 6 7 6 7 8 7 6 7 6 7 8 7 6 7 6 7 6 5 4 5 6 5 4 5 4 5 6 5 6 5 6 5 6 7 6 5 6 5 4 3 4 3 4 3 4 3 4 5 4 5 4 5 6 5 6 5 6 7 6 7 6 7 8 7 8 7 8 7 6 7 6 7 6 7 6 5 4 5 6 5 6 7 8 7 6 5 4 5 4 5 4 5 6 5 4 5 4 3 4 5 4 3 2 3 2 1 2 3 4 3 4 3 2 3 2 1 2 3 4 3 4 3 4 5 4 5 4 5 4 5 6 5 4 3 2 3 4 3 2 1 2 3 2 3 2 3 4 5 6 5 4 5 6 5 4 3 4 3 4 3 4 5 4 5 6 5 6 5 6 5 4 3 2 3 2 3 2 1 2 1 0 1 2 1 2 3 4 3 4 5 6 5 6 5 6 5 6 5"
General-0-20240601-22:00:59-3968,vector,Network.node[2].lnk[0],Buffer Size,,,"0 0 0.00026 0.00026 0.00052 0.00052 0.00078 0.00078 0.00104 0.00104 0.0013 0.0013 0.00156 0.00156 0.00182 0.00182","1 0 1 0 1 0 1 0 1 0 1 0 1 0 1 0"
General-0-20240601-22:00:59-3968,vector,Network.node[0].app,SentPackets,,,"0.898560388484 1.821783519955 3.773328855839 4.324377342509 5.301383768902 5.786511932624 6.139671071762 6.198055740855 9.512968020783 11.081864138406 11.834538251719 12.673971104619 14.482340368894 14.556025724359 14.967603720602 15.058764746726 16.103377255034 19.25354718371 21.294439399622 21.9361485723 23.541388129362 25.155390204255 25.890354625445 27.026293567155 27.152167976593 28.427395678817 28.582125359317 29.352960017784 30.774324697878 31.512151989634 31.624098150267 32.159663870495 32.466944222648 32.673147504678 34.008437689302 34.617520112485 34.762798139777 34.781766708978 35.173537519655 36.134918458721 36.386360390796 36.874917440104 39.752832461382 40.3505785382 40.796097033251 41.370629439992 43.696980501686 44.795892969237 45.854727100725 46.965324546412 47.10335323484 48.492395924631 48.944497984856 49.788925778384 54.24342262456 54.477724143336 55.485743388756 56.54448610385 57.416401957476 57.708482490743 58.243547167826 58.871488748817 59.51526975042 59.795546758899 60.77241083297 61.184912062892 62.252984260042 62.401696529294 63.908331862567 64.368345820307 65.454615201185 67.174946858902 68.294761224656 68.395795999965 71.969384372309 74.074705673101 74.132032599525 75.060511096426 75.660457983067 77.004703255219 77.024893383365 77.064869682423 77.64774807129 81.539318194135 82.074202569892 84.578114352977 85.410957869043 87.41419839155 87.512848699968 90.053153207927 90.139923690267 92.789179618943 92.930510332504 93.972290986683 95.232224796792 95.573878963818 95.88139668758 96.083747126147 96.966876168106 96.987188626902 97.167440878887 98.9331819513 99.776264983448 101.105022857198 101.672927010678 101.958947983186 103.36997239248 104.228365360309 104.732709166897 106.996442742758 107.248862735649 110.301144392533 110.893768419985 112.767228299842 113.969466867089 114.092993514451 114.446013647725 115.902832206289 116.433554702906 116.938573450661 119.068072846729 121.202903296712 122.382286230357 123.270147640794 124.34798252493 125.109850296226 125.371907537901 126.404704548546 126.907015346807 127.458411336941 128.422864902435 129.066969610758 129.425896826628 130.505217025284 130.847816649982 131.810191705753 132.370152775827 134.477600380777 135.371329459083 136.225409194726 139.697944674008 139.850238299262 140.30841118322 140.410731798073 140.983193349501 145.121003110011 145.891079969557 146.485153467881 146.59076611151 149.110048241593 150.94978102667 151.111651113382 153.461828403133 155.487737220236 155.526020133121 155.703345708266 156.659312132188 158.169135587797 160.171122083323 160.70112496146 160.851915971654 161.374786001742 162.570224568024 163.037497134434 163.641796206282 164.186653334427 165.466987538239 165.921899383031 169.631859974935 170.078112795454 172.962724547556 173.151019522775 173.565632065434 174.301763165421 174.35763321831 174.580772426411 174.77860193387 176.357014655976 176.780671757333 179.66521604574 180.602354763463 181.510318790788 181.542675595433 183.0735068217 183.125189727495 183.986113364176 184.257781434518 189.136914322512 189.903993977084 191.901165944574 193.210951315936 193.584837811839 194.392817865238 194.900682987925 195.139435860773 195.374960434192 195.626559047305 195.873418316104 196.716397091518 198.061744524752 198.663423511276","1 2 3 4 5 6 7 8 9 10 11 12 13 14 15 16 17 18 19 20 21 22 23 24 25 26 27 28 29 30 31 32 33 34 35 36 37 38 39 40 41 42 43 44 45 46 47 48 49 50 51 52 53 54 55 56 57 58 59 60 61 62 63 64 65 66 67 68 69 70 71 72 73 74 75 76 77 78 79 80 81 82 83 84 85 86 87 88 89 90 91 92 93 94 95 96 97 98 99 100 101 102 103 104 105 106 107 108 109 110 111 112 113 114 115 116 117 118 119 120 121 122 123 124 125 126 127 128 129 130 131 132 133 134 135 136 137 138 139 140 141 142 143 144 145 146 147 148 149 150 151 152 153 154 155 156 157 158 159 160 161 162 163 164 165 166 167 168 169 170 171 172 173 174 175 176 177 178 179 180 181 182 183 184 185 186 187 188 189 190 191 192 193 194 195 196 197 198 199 200 201"
General-0-20240601-22:00:59-3968,vector,Network.node[2].app,SentPackets,,,"1.859604212075 2.646805352057 4.52576940626 5.563928706924 6.139447903807 8.362972325843 8.681328466685 9.164930571633 9.814376919884 11.486588120209 12.14047068743 12.639342696446 15.237596782295 15.258022370694 15.717270507949 17.504758171388 19.010542430025 19.16177328369 21.202087541632 25.047309410774 25.666238870401 27.182774844391 28.20420671874 29.076527913782 31.970948391769 32.6126430938 34.100897919552 34.344946410289 35.185281115901 35.347417605347 36.294414282522 37.25396225989 39.582875634104 40.728014588804 41.677509172301 42.873616971758 42.978178197533 43.040293487999 46.540507172454 46.727933238472 46.964139944555 47.407543973176 47.786505937459 48.72256749723 49.115680054534 49.154863210947 49.732187521754 50.738058526921 53.931005168975 54.038640277131 55.096466690483 55.272380235909 60.632480586152 60.805608042298 60.92256345209 62.045731753623 62.427287596997 62.646168193504 65.633358085356 65.647022663787 65.749167545312 66.724269479468 68.544088398752 72.293119858336 72.925456454732 73.638040048065 77.399967332569 77.732377573533 77.860434338844 78.305853800764 78.657029890145 79.312676174509 79.439064810934 80.605938337483 80.988639286345 83.112876483347 83.179173884829 83.423569332911 84.602758859976 85.438856391946 85.747271232044 86.458519169261 87.199278119708 89.684860476685 90.542756117759 90.868096533288 91.251656747387 91.261057498051 92.361903408142 94.209231059144 96.050513530631 96.557713653888 97.362511053689 97.824241949733 97.828948490225 97.987289996456 99.119924138428 99.434645799283 100.65115445272 100.991501190955 104.26664436867 105.163235239456 106.01245605102 107.031114781039 109.252621679513 110.392229643046 110.988609037376 114.83161562062 116.512537825166 117.63781984201 117.92523031808 118.795766144406 119.171504986813 122.535875439864 123.827784708665 124.523584169565 127.649052527223 128.58145540763 128.600835188978 129.235962904609 130.495006421873 130.834671154455 131.318306841044 132.701286047581 132.846860026029 132.955407124524 133.309631256769 133.406554011346 134.250442483937 134.687470497711 135.49002248347 135.524225901828 136.583235287209 137.639084895869 138.026214988018 138.590825489139 138.840906984117 141.109540976809 143.334455634034 143.636021547257 145.276919125184 146.493938620521 146.598820456121 147.033166112065 148.285773636977 148.9192362547 155.684626774637 156.394544701861 156.577083303744 156.709267013359 158.593195899945 160.239915001272 161.081795963004 161.115582748556 161.187258132869 165.237104971674 165.289017523857 167.301790260063 167.318558026055 169.255135263546 169.517464572712 169.52924780463 170.977041886618 172.286340250641 173.672631602662 174.345092119496 174.759071042169 174.77776651259 174.965285463793 175.587882807771 175.841388512914 177.917419573357 180.549638435906 181.768435239249 181.948392580801 182.641592350339 183.613074508434 184.814045414976 187.535393670889 187.846361475859 188.798191183401 189.934787678658 190.826166255568 192.215843319344 195.553777653198 195.759809701681 198.64888529358 199.323129863216 199.581142627156","1 2 3 4 5 6 7 8 9 10 11 12 13 14 15 16 17 18 19 20 21 22 23 24 25 26 27 28 29 30 31 32 33 34 35 36 37 38 39 40 41 42 43 44 45 46 47 48 49 50 51 52 53 54 55 56 57 58 59 60 61 62 63 64 65 66 67 68 69 70 71 72 73 74 75 76 77 78 79 80 81 82 83 84 85 86 87 88 89 90 91 92 93 94 95 96 97 98 99 100 101 102 103 104 105 106 107 108 109 110 111 112 113 114 115 116 117 118 119 120 121 122 123 124 125 126 127 128 129 130 131 132 133 134 135 136 137 138 139 140 141 142 143 144 145 146 147 148 149 150 151 152 153 154 155 156 157 158 159 160 161 162 163 164 165 166 167 168 169 170 171 172 173 174 175 176 177 178 179 180 181 182 183 184 185 186 187 188 189"
General-0-20240601-22:00:59-3968,vector,Network.node[5].app,Delay,,,"3.898860388484 4.859904212075 4.898860388484 5.859904212075 6.773628855839 7.52606940626 7.773628855839 8.564228706924 8.773628855839 9.564228706924 9.773628855839 10.773628855839 11.363272325843 11.773628855839 12.363272325843 12.773628855839 13.363272325843 14.082164138406 14.363272325843 15.082164138406 15.363272325843 16.082164138406 16.363272325843 17.363272325843 17.482640368894 18.363272325843 18.482640368894 19.363272325843 19.482640368894 20.363272325843 20.482640368894 21.363272325843 21.482640368894 22.363272325843 22.482640368894 23.363272325843 24.294739399622 24.363272325843 25.294739399622 26.541688129362 28.047609410774 28.155690204255 29.047609410774 29.155690204255 30.155690204255 30.183074844391 31.155690204255 31.20450671874 32.155690204255 32.20450671874 33.155690204255 34.155690204255 34.971248391769 35.155690204255 35.971248391769 36.155690204255 37.101197919552 37.155690204255 38.101197919552 38.155690204255 39.101197919552 39.155690204255 40.101197919552 40.155690204255 41.101197919552 41.155690204255 42.101197919552 42.155690204255 43.101197919552 43.155690204255 44.101197919552 44.155690204255 45.101197919552 45.155690204255 46.101197919552 46.155690204255 47.101197919552 47.155690204255 48.101197919552 48.155690204255 49.155690204255 49.540807172454 50.155690204255 50.540807172454 51.155690204255 51.540807172454 52.155690204255 52.540807172454 53.155690204255 53.540807172454 54.155690204255 54.540807172454 55.155690204255 55.540807172454 56.155690204255 56.540807172454 57.155690204255 57.540807172454 58.155690204255 58.540807172454 59.155690204255 59.540807172454 60.155690204255 60.540807172454 61.155690204255 61.540807172454 62.155690204255 62.540807172454 63.155690204255 63.632780586152 64.155690204255 64.632780586152 65.155690204255 65.632780586152 66.155690204255 66.632780586152 67.155690204255 67.632780586152 68.155690204255 68.632780586152 69.155690204255 69.632780586152 70.155690204255 70.632780586152 71.155690204255 71.632780586152 72.155690204255 72.632780586152 73.155690204255 73.632780586152 74.155690204255 75.155690204255 75.293419858336 76.155690204255 76.293419858336 77.155690204255 77.293419858336 78.155690204255 79.155690204255 80.155690204255 80.400267332569 81.155690204255 81.400267332569 82.155690204255 82.400267332569 83.155690204255 83.400267332569 84.155690204255 84.400267332569 85.155690204255 85.400267332569 86.155690204255 86.400267332569 87.155690204255 87.400267332569 88.155690204255 88.400267332569 89.155690204255 89.400267332569 90.155690204255 90.400267332569 91.155690204255 91.400267332569 92.155690204255 92.400267332569 93.155690204255 93.400267332569 94.155690204255 94.400267332569 95.155690204255 95.400267332569 96.155690204255 96.400267332569 97.155690204255 97.400267332569 98.155690204255 98.400267332569 99.155690204255 99.400267332569 100.155690204255 100.400267332569 101.155690204255 101.400267332569 102.155690204255 102.400267332569 103.155690204255 103.400267332569 104.155690204255 104.400267332569 105.155690204255 105.400267332569 106.155690204255 106.400267332569 107.155690204255 107.400267332569 108.155690204255 108.400267332569 109.155690204255 109.400267332569 110.155690204255 110.400267332569 111.155690204255 111.400267332569 112.155690204255 112.400267332569 113.155690204255 113.400267332569 114.155690204255 114.400267332569 115.155690204255 115.400267332569 116.155690204255 116.400267332569 117.155690204255 117.400267332569 118.155690204255 118.400267332569 119.155690204255 119.400267332569 120.155690204255 120.400267332569 121.155690204255 121.400267332569 122.155690204255 122.400267332569 123.155690204255 123.400267332569 124.155690204255 124.400267332569 125.155690204255 125.400267332569 126.155690204255 126.400267332569 127.155690204255 127.400267332569 128.155690204255 128.400267332569 129.155690204255 129.400267332569 130.155690204255 130.649352527223 131.155690204255 131.649352527223 132.155690204255 132.649352527223 133.155690204255 133.649352527223 134.155690204255 134.649352527223 135.155690204255 135.649352527223 136.155690204255 136.649352527223 137.155690204255 137.649352527223 138.155690204255 138.649352527223 139.155690204255 139.649352527223 140.155690204255 140.649352527223 141.155690204255 141.649352527223 142.155690204255 142.649352527223 143.155690204255 143.649352527223 144.155690204255 144.649352527223 145.155690204255 145.649352527223 146.155690204255 146.649352527223 147.155690204255 147.649352527223 148.155690204255 148.649352527223 149.155690204255 149.649352527223 150.155690204255 150.649352527223 151.155690204255 151.649352527223 152.155690204255 152.649352527223 153.155690204255 153.649352527223 154.155690204255 154.649352527223 155.155690204255 155.649352527223 156.155690204255 156.649352527223 157.155690204255 157.649352527223 158.155690204255 158.649352527223 159.155690204255 159.649352527223 160.155690204255 160.649352527223 161.155690204255 161.649352527223 162.155690204255 162.649352527223 163.155690204255 163.649352527223 164.155690204255 164.649352527223 165.155690204255 165.649352527223 166.155690204255 166.649352527223 167.155690204255 167.649352527223 168.155690204255 168.649352527223 169.155690204255 169.649352527223 170.155690204255 170.649352527223 171.155690204255 171.649352527223 172.155690204255 172.649352527223 173.155690204255 173.649352527223 174.155690204255 174.649352527223 175.155690204255 175.649352527223 176.155690204255 176.649352527223 177.155690204255 177.649352527223 178.155690204255 178.649352527223 179.155690204255 179.649352527223 180.155690204255 180.649352527223 181.155690204255 181.649352527223 182.155690204255 182.649352527223 183.155690204255 183.649352527223 184.155690204255 184.649352527223 185.155690204255 185.649352527223 186.155690204255 186.649352527223 187.155690204255 187.649352527223 188.155690204255 188.649352527223 189.155690204255 189.649352527223 190.155690204255 190.649352527223 191.155690204255 191.649352527223 192.155690204255 192.649352527223 193.155690204255 193.649352527223 194.155690204255 194.649352527223 195.155690204255 195.649352527223 196.155690204255 196.649352527223 197.155690204255 197.649352527223 198.155690204255 198.649352527223 199.155690204255 199.649352527223","3.0003 3.0003 3.077076868529 3.213098860018 3.0003 3.0003 3.44925151333 3.0003 3.472245086937 3.424780803117 3.987116923215 4.633957784077 3.0003 5.575573114984 3.681943859158 3.260660835056 4.19834175421 3.0003 4.548895405959 3.247625886687 3.876684205634 3.408193033787 4.222801638413 4.723929629397 3.0003 3.125675543548 3.926614644535 4.105249955149 4.515036648292 4.646001817894 5.423875622168 3.858514154455 5.37926311386 3.352729895818 3.229093185184 4.201499042153 3.0003 3.161184784211 3.358590827322 3.0003 3.0003 3.0003 3.381370540373 3.26533557881 3.1293966371 3.0003 4.003522227662 3.0003 3.728294525438 3.127978804958 4.573564844938 4.802730186471 3.0003 4.381365506377 3.358605297969 4.643538214621 3.0003 5.531592053988 3.756251509263 5.99602633376 3.915916803651 6.688745981607 4.753780314205 7.482542699577 4.80678363703 7.147252514953 4.847235659662 7.53817009177 3.518322285448 8.392892064478 3.373183330748 9.373923495277 3.423688747251 9.9821526846 3.227580947794 10.020771745534 4.123019722019 10.769329813459 5.060904431553 11.280772764151 9.402857742873 3.0003 9.805111666055 3.812873933982 10.359593171004 4.576667227899 10.785060764263 5.133263199278 9.458709702569 5.754301234995 9.359797235018 5.818239675224 9.30096310353 6.42512711792 9.190365657843 7.385943961507 10.052336969415 7.8086196507 9.663294279624 7.802748645533 10.211192219399 5.609802003479 10.366764425871 6.502166895323 6.912267579695 6.444340481971 7.677966060919 7.268426936545 7.669946815499 3.0003 7.611204100405 3.827172543854 7.739288246779 4.710217134062 8.447207713512 4.587048832529 8.912143036429 5.205492989155 9.284201455438 5.986612392648 9.640420453835 3.999422500796 10.360143445356 4.985757922365 10.383279371285 5.88361304084 10.970778141363 5.908511106684 10.902705944213 5.0886921874 11.753993674961 11.247358341688 3.0003 11.787344383948 3.367963403604 11.70107500307 3.655379810271 10.980743345353 10.860928979599 11.75989420429 3.0003 9.186305831946 3.667889759036 8.080984531154 4.539832993725 9.02365760473 5.094413531805 9.095179107829 5.743237442424 9.495232221188 6.08759115806 9.150986949036 6.961202521635 10.13079682089 6.794328995086 11.090820521832 7.411628046224 11.507942132965 6.287390849222 8.61637201012 7.22109344774 9.081487634363 7.976697999658 7.577575851278 7.797508472593 7.744732335212 7.961410940623 6.741491812705 8.652996100525 7.642841504287 8.941748163308 6.102536996328 9.200989212861 7.015766513988 7.715406855884 5.366510585312 7.85751121481 6.225179871751 8.532170799281 6.183399217572 9.148610585182 5.923465407463 10.139209834518 6.581811240437 10.038363924427 7.274293516675 9.191036273425 8.071943078108 8.349753801938 8.188814036149 8.842553678681 9.168501577353 9.03775627888 9.988249325368 9.576025382836 9.222508252955 10.571318842344 9.379425220807 11.412977336113 9.050667347057 11.280343194141 9.482763193577 11.965621533286 10.196742221069 11.749112879849 9.785717811775 12.408766141614 9.927324843946 10.133622963899 10.422981037358 10.237032093113 9.159247461497 10.387811281549 9.906827468606 10.36915255153 7.854545811722 9.147645653056 8.26192178427 9.008037689523 7.388461904413 9.411658295193 7.186223337166 6.568651711949 8.062696689804 5.887729507403 8.70967655653 5.762447490559 8.252857997966 6.475037014489 8.722135501349 6.604501188163 9.217116753594 7.228762345756 8.087617357526 4.864391892705 6.952786907543 4.572482623904 6.773403973898 4.876683163004 6.885542563461 3.0003 6.807707679325 3.067897119593 7.045839908029 4.048517338245 7.783782666354 4.413389622614 7.750985655709 4.15434610535 8.248674857448 4.814681372768 8.697278867314 5.331045686179 8.73282530182 4.948066479642 9.088720593497 5.802492501194 9.729793377627 6.693945402699 9.650473178971 7.339721270454 10.307873554273 8.242798515877 10.345498498502 8.398910043286 10.785537428428 8.961882029512 9.678089823478 9.159330043753 9.784360745172 10.125126625395 9.930281009529 10.066117240014 7.457745530247 10.010267631354 8.305451904993 10.623137539205 8.847279021035 11.058527038084 9.744958406182 11.808445543106 10.172496854754 10.539811550414 7.034687094244 9.314896893189 7.264610234698 10.013330979966 7.670536736374 9.372433402039 8.564924092745 9.155413906702 7.045641962662 10.050532071102 6.205909177585 10.616186415158 7.044039090873 10.363578890246 5.693861801122 10.730116272523 4.667952984019 4.964725752586 5.629670071134 5.254807825362 6.452344495989 6.072269223479 6.496378072067 6.940085513864 5.986554616458 6.056156627278 4.984568120932 5.409437525951 5.454565242795 5.567556564219 6.303774232601 6.533769778667 6.780904202513 7.462094394354 6.585465636231 4.412247555549 7.118193069821 5.360335003366 7.513893997973 4.34756226716 7.969036869828 5.330794501168 7.688702666016 4.394217263677 8.233790821224 5.131887954511 5.52383022932 6.120104722593 6.077577408801 5.672310640605 4.192965656699 5.363012276582 5.00467068148 4.976720924561 5.590058138821 5.304260407727 5.853927038834 5.890281485054 6.798056985945 6.871586014633 7.574917777844 7.68406706343 8.377088270385 8.061469719452 7.798675548279 8.807964014309 8.375018446922 7.731932953866 6.490474158515 6.099714091317 6.553335440792 5.880917287974 6.645371413467 6.700959946422 7.613014608822 7.007760176884 7.082183382555 7.036278018789 8.03050047676 6.835307112247 8.169576840079 5.113958856334 8.897908769737 5.802991051364 5.018775881743 5.851161343822 5.251696227171 5.714564848565 4.254524259681 5.823186271655 3.944738888319 5.433509207879 4.570852392416 3.095574874025 4.762872339017 3.889542825542"
General-0-20240601-22:00:59-3968,vector,Network.node[5].app,ReceivedPackets,,,"3.898860388484 4.859904212075 4.898860388484 5.859904212075 6.773628855839 7.52606940626 7.773628855839 8.564228706924 8.773628855839 9.564228706924 9.773628855839 10.773628855839 11.363272325843 11.773628855839 12.363272325843 12.773628855839 13.363272325843 14.082164138406 14.363272325843 15.082164138406 15.363272325843 16.082164138406 16.363272325843 17.363272325843 17.482640368894 18.363272325843 18.482640368894 19.363272325843 19.482640368894 20.363272325843 20.482640368894 21.363272325843 21.482640368894 22.363272325843 22.482640368894 23.363272325843 24.294739399622 24.363272325843 25.294739399622 26.541688129362 28.047609410774 28.155690204255 29.047609410774 29.155690204255 30.155690204255 30.183074844391 31.155690204255 31.20450671874 32.155690204255 32.20450671874 33.155690204255 34.155690204255 34.971248391769 35.155690204255 35.971248391769 36.155690204255 37.101197919552 37.155690204255 38.101197919552 38.155690204255 39.101197919552 39.155690204255 40.101197919552 40.155690204255 41.101197919552 41.155690204255 42.101197919552 42.155690204255 43.101197919552 43.155690204255 44.101197919552 44.155690204255 45.101197919552 45.155690204255 46.101197919552 46.155690204255 47.101197919552 47.155690204255 48.101197919552 48.155690204255 49.155690204255 49.540807172454 50.155690204255 50.540807172454 51.155690204255 51.540807172454 52.155690204255 52.540807172454 53.155690204255 53.540807172454 54.155690204255 54.540807172454 55.155690204255 55.540807172454 56.155690204255 56.540807172454 57.155690204255 57.540807172454 58.155690204255 58.540807172454 59.155690204255 59.540807172454 60.155690204255 60.540807172454 61.155690204255 61.540807172454 62.155690204255 62.540807172454 63.155690204255 63.632780586152 64.155690204255 64.632780586152 65.155690204255 65.632780586152 66.155690204255 66.632780586152 67.155690204255 67.632780586152 68.155690204255 68.632780586152 69.155690204255 69.632780586152 70.155690204255 70.632780586152 71.155690204255 71.632780586152 72.155690204255 72.632780586152 73.155690204255 73.632780586152 74.155690204255 75.155690204255 75.293419858336 76.155690204255 76.293419858336 77.155690204255 77.293419858336 78.155690204255 79.155690204255 80.155690204255 80.400267332569 81.155690204255 81.400267332569 82.155690204255 82.400267332569 83.155690204255 83.400267332569 84.155690204255 84.400267332569 85.155690204255 85.400267332569 86.155690204255 86.400267332569 87.155690204255 87.400267332569 88.155690204255 88.400267332569 89.155690204255 89.400267332569 90.155690204255 90.400267332569 91.155690204255 91.400267332569 92.155690204255 92.400267332569 93.155690204255 93.400267332569 94.155690204255 94.400267332569 95.155690204255 95.400267332569 96.155690204255 96.400267332569 97.155690204255 97.400267332569 98.155690204255 98.400267332569 99.155690204255 99.400267332569 100.155690204255 100.400267332569 101.155690204255 101.400267332569 102.155690204255 102.400267332569 103.155690204255 103.400267332569 104.155690204255 104.400267332569 105.155690204255 105.400267332569 106.155690204255 106.400267332569 107.155690204255 107.400267332569 108.155690204255 108.400267332569 109.155690204255 109.400267332569 110.155690204255 110.400267332569 111.155690204255 111.400267332569 112.155690204255 112.400267332569 113.155690204255 113.400267332569 114.155690204255 114.400267332569 115.155690204255 115.400267332569 116.155690204255 116.400267332569 117.155690204255 117.400267332569 118.155690204255 118.400267332569 119.155690204255 119.400267332569 120.155690204255 120.400267332569 121.155690204255 121.400267332569 122.155690204255 122.400267332569 123.155690204255 123.400267332569 124.155690204255 124.400267332569 125.155690204255 125.400267332569 126.155690204255 126.400267332569 127.155690204255 127.400267332569 128.155690204255 128.400267332569 129.155690204255 129.400267332569 130.155690204255 130.649352527223 131.155690204255 131.649352527223 132.155690204255 132.649352527223 133.155690204255 133.649352527223 134.155690204255 134.649352527223 135.155690204255 135.649352527223 136.155690204255 136.649352527223 137.155690204255 137.649352527223 138.155690204255 138.649352527223 139.155690204255 139.649352527223 140.155690204255 140.649352527223 141.155690204255 141.649352527223 142.155690204255 142.649352527223 143.155690204255 143.649352527223 144.155690204255 144.649352527223 145.155690204255 145.649352527223 146.155690204255 146.649352527223 147.155690204255 147.649352527223 148.155690204255 148.649352527223 149.155690204255 149.649352527223 150.155690204255 150.649352527223 151.155690204255 151.649352527223 152.155690204255 152.649352527223 153.155690204255 153.649352527223 154.155690204255 154.649352527223 155.155690204255 155.649352527223 156.155690204255 156.649352527223 157.155690204255 157.649352527223 158.155690204255 158.649352527223 159.155690204255 159.649352527223 160.155690204255 160.649352527223 161.155690204255 161.649352527223 162.155690204255 162.649352527223 163.155690204255 163.649352527223 164.155690204255 164.649352527223 165.155690204255 165.649352527223 166.155690204255 166.649352527223 167.155690204255 167.649352527223 168.155690204255 168.649352527223 169.155690204255 169.649352527223 170.155690204255 170.649352527223 171.155690204255 171.649352527223 172.155690204255 172.649352527223 173.155690204255 173.649352527223 174.155690204255 174.649352527223 175.155690204255 175.649352527223 176.155690204255 176.649352527223 177.155690204255 177.649352527223 178.155690204255 178.649352527223 179.155690204255 179.649352527223 180.155690204255 180.649352527223 181.155690204255 181.649352527223 182.155690204255 182.649352527223 183.155690204255 183.649352527223 184.155690204255 184.649352527223 185.155690204255 185.649352527223 186.155690204255 186.649352527223 187.155690204255 187.649352527223 188.155690204255 188.649352527223 189.155690204255 189.649352527223 190.155690204255 190.649352527223 191.155690204255 191.649352527223 192.155690204255 192.649352527223 193.155690204255 193.649352527223 194.155690204255 194.649352527223 195.155690204255 195.649352527223 196.155690204255 196.649352527223 197.155690204255 197.649352527223 198.155690204255 198.649352527223 199.155690204255 199.649352527223","1 2 3 4 5 6 7 8 9 10 11 12 13 14 15 16 17 18 19 20 21 22 23 24 25 26 27 28 29 30 31 32 33 34 35 36 37 38 39 40 41 42 43 44 45 46 47 48 49 50 51 52 53 54 55 56 57 58 59 60 61 62 63 64 65 66 67 68 69 70 71 72 73 74 75 76 77 78 79 80 81 82 83 84 85 86 87 88 89 90 91 92 93 94 95 96 97 98 99 100 101 102 103 104 105 106 107 108 109 110 111 112 113 114 115 116 117 118 119 120 121 122 123 124 125 126 127 128 129 130 131 132 133 134 135 136 137 138 139 140 141 142 143 144 145 146 147 148 149 150 151 152 153 154 155 156 157 158 159 160 161 162 163 164 165 166 167 168 169 170 171 172 173 174 175 176 177 178 179 180 181 182 183 184 185 186 187 188 189 190 191 192 193 194 195 196 197 198 199 200 201 202 203 204 205 206 207 208 209 210 211 212 213 214 215 216 217 218 219 220 221 222 223 224 225 226 227 228 229 230 231 232 233 234 235 236 237 238 239 240 241 242 243 244 245 246 247 248 249 250 251 252 253 254 255 256 257 258 259 260 261 262 263 264 265 266 267 268 269 270 271 272 273 274 275 276 277 278 279 280 281 282 283 284 285 286 287 288 289 290 291 292 293 294 295 296 297 298 299 300 301 302 303 304 305 306 307 308 309 310 311 312 313 314 315 316 317 318 319 320 321 322 323 324 325 326 327 328 329 330 331 332 333 334 335 336 337 338 339 340 341 342 343 344 345 346 347 348 349 350 351 352 353 354 355 356 357 358 359 360 361 362 363 364 365 366 367 368 369 370 371 372 373 374 375 376 377 378 379"
